Filename,Actual,Prediction
a-be_596.jpg,a-be,abe
Abate_608.jpg,Abate,Abate
abintestate_800.jpg,abintestate,abintestate
ably_528.jpg,ably,ably
abstractors_151.jpg,abstractors,albstractors
Abyss_728.jpg,Abyss,AbYSS
acaroid_173.jpg,acaroid,acaroid
accusation_525.jpg,accusation,accusation
acidoid_146.jpg,acidoid,acidoid
acridian_371.jpg,acridian,acridian
acroasis_396.jpg,acroasis,acroasis
adermine_7.jpg,adermine,adermine
adjument_806.jpg,adjument,adjument
adjutorious_489.jpg,adjutorious,adjutorious
admrx_564.jpg,admrx,admrx
Adventist_692.jpg,Adventist,Adventist
adversarious_553.jpg,adversarious,ADVERSARIOUS
adversifoliate_381.jpg,adversifoliate,adversifoliate
Agenois_344.jpg,Agenois,Agenois
agrostographies_888.jpg,agrostographies,agrostographies
air-borne_971.jpg,air-borne,airborne
Alberoni_948.jpg,Alberoni,ALBERONI
Alcantarines_981.jpg,Alcantarines,Alcantarines
alcoholicity_210.jpg,alcoholicity,alcoholicity
alfilerilla_932.jpg,alfilerilla,alfilerilla
all-disposing_461.jpg,all-disposing,alldisposing
all-knowingness_129.jpg,all-knowingness,ALL
alodia_104.jpg,alodia,alodia
Altavista_385.jpg,Altavista,Altavista
ambulances_951.jpg,ambulances,ambulances
aminotransferase_504.jpg,aminotransferase,aminotransferase
amnions_900.jpg,amnions,amnions
Ampelos_284.jpg,Ampelos,AMDELOS
anacrogynous_281.jpg,anacrogynous,anacrogynous
anacrustically_577.jpg,anacrustically,anacrustically
andantes_718.jpg,andantes,andantes
Andreaeales_836.jpg,Andreaeales,Andreaeales
androsterone_507.jpg,androsterone,androsterone
anemobiagraph_618.jpg,anemobiagraph,anemoriagraph
aneurysms_973.jpg,aneurysms,aneurysms
Annamaria_456.jpg,Annamaria,Annamaria
annuls_57.jpg,annuls,annuLs
anomalure_377.jpg,anomalure,anomalure
Antaean_243.jpg,Antaean,Antaean
antalkaline_439.jpg,antalkaline,antalkaline
Anti-shemite_522.jpg,Anti-shemite,Shemite
antichance_974.jpg,antichance,antichance
antichoromanic_466.jpg,antichoromanic,antichoromanic
antidotal_78.jpg,antidotal,antidotal
antipolice_977.jpg,antipolice,antipolice
antityphoid_163.jpg,antityphoid,antityphoid
antixerophthalmic_743.jpg,antixerophthalmic,antixerophthalmic
antrin_512.jpg,antrin,ANTIAN
Aphoruridae_500.jpg,Aphoruridae,Aphoruroce
aphthoid_7.jpg,aphthoid,aphthoid
apiculation_765.jpg,apiculation,apiculation
appetizement_101.jpg,appetizement,appetizement
arabana_193.jpg,arabana,arabana
archpublican_607.jpg,archpublican,ARCHPUBLICAN
archrobber_721.jpg,archrobber,archrobber
archworker_328.jpg,archworker,archworker
archworker_863.jpg,archworker,ARCHWORKER
argental_434.jpg,argental,argental
Arlis_177.jpg,Arlis,ARlis
arm-linked_196.jpg,arm-linked,armlinked
ashamed_126.jpg,ashamed,ashamea
assigning_137.jpg,assigning,assigning
aswirl_890.jpg,aswirl,aswirlL
asymptomatic_8.jpg,asymptomatic,asymptomatic
attestative_14.jpg,attestative,attestative
aware_658.jpg,aware,aware
backheel_984.jpg,backheel,Backheel
Baelbeer_868.jpg,Baelbeer,Baelbeer
baister_725.jpg,baister,baister
baneberry_287.jpg,baneberry,baneberry
banterer_511.jpg,banterer,banterer
barehead_781.jpg,barehead,Barehead
basaree_647.jpg,basaree,basaree
basileis_323.jpg,basileis,basileis
Basse-Normandie_312.jpg,Basse-Normandie,BaE
Batsheva_657.jpg,Batsheva,Batsheva
battlefields_831.jpg,battlefields,battlefields
bearers_429.jpg,bearers,bearers
beavered_472.jpg,beavered,beavered
beavers_998.jpg,beavers,beavers
becalms_178.jpg,becalms,becalms
bedwarfed_882.jpg,bedwarfed,BEDWARED
Behrman_476.jpg,Behrman,Behrman
bejumbles_782.jpg,bejumbles,bejumbles
belly-land_172.jpg,belly-land,Bellad
bellyaching_874.jpg,bellyaching,bellyaching
bellyflaught_581.jpg,bellyflaught,Bellyflaught
Benil_778.jpg,Benil,Beni
berths_589.jpg,berths,berths
bezique_967.jpg,bezique,bezique
Biafra_310.jpg,Biafra,Biara
bible-clerk_945.jpg,bible-clerk,bible
bilberries_956.jpg,bilberries,bilberres
billet_997.jpg,billet,Billet
billowy_260.jpg,billowy,billowy
biolinguistics_304.jpg,biolinguistics,biolnguistios
birostrate_11.jpg,birostrate,birostrate
bittersweetness_703.jpg,bittersweetness,Bitersweetness
black-letter_626.jpg,black-letter,blackletter
blackmailing_279.jpg,blackmailing,Blackmailing
bladderlike_754.jpg,bladderlike,bladderike
blathered_363.jpg,blathered,blathered
blindeyes_990.jpg,blindeyes,blindeves
blissful_750.jpg,blissful,blisU
blokes_224.jpg,blokes,bloke
BMO_81.jpg,BMO,BMO
bonhomies_613.jpg,bonhomies,Bonhomles
boogaloo_902.jpg,boogaloo,Boogaloo
boogeymen_79.jpg,boogeymen,boogeymen
book-match_587.jpg,book-match,bookmatch
Borries_833.jpg,Borries,Borries
Boscovich_263.jpg,Boscovich,Boscovich
Botswana_548.jpg,Botswana,Botswana
bow-bending_802.jpg,bow-bending,boW
bradding_190.jpg,bradding,Braddng
breithauptite_288.jpg,breithauptite,breithauptite
breviary_121.jpg,breviary,breviary
Brunsville_538.jpg,Brunsville,BRUNSVLLE
buck-one_267.jpg,buck-one,buckone
bugle_976.jpg,bugle,buge
bulimiform_46.jpg,bulimiform,bulimiform
burdened_65.jpg,burdened,burdened
bursectomy_430.jpg,bursectomy,Bursectomy
butanoic_340.jpg,butanoic,butanoic
butylic_473.jpg,butylic,butylic
by-chop_819.jpg,by-chop,bychop
CAA_733.jpg,CAA,CAA
caccias_584.jpg,caccias,caccias
calcio-_230.jpg,calcio-,calcio
Calondra_1.jpg,Calondra,Calondra
caloris_452.jpg,caloris,caloris
Cal_612.jpg,Cal,Cal
Camestres_530.jpg,Camestres,Camestres
camphors_759.jpg,camphors,camphors
canonicalness_883.jpg,canonicalness,CANONICALNESS
Capet_333.jpg,Capet,CAPET
capsules_484.jpg,capsules,capsules
catachrestically_769.jpg,catachrestically,catachrestcaly
cataract_790.jpg,cataract,cataract
categorizer_317.jpg,categorizer,categorizer
cavernlike_701.jpg,cavernlike,cavernlike
cephalin_749.jpg,cephalin,Cephalin
cephalodiscid_777.jpg,cephalodiscid,CEPALODISOD
cerebellitis_202.jpg,cerebellitis,cerebelltis
certificate_67.jpg,certificate,cerificate
cetonian_526.jpg,cetonian,cetonian
chaityas_917.jpg,chaityas,chaityas
champignons_730.jpg,champignons,champignons
changemaker_554.jpg,changemaker,CHANGEMAKER
chauvinistic_591.jpg,chauvinistic,chauviaistic
cheaps_353.jpg,cheaps,cheaps
checkpoint_823.jpg,checkpoint,checkpoint
Childermas_82.jpg,Childermas,childermas
chilenite_715.jpg,chilenite,Cchilenite
Choate_191.jpg,Choate,choate
cholelithiasis_729.jpg,cholelithiasis,CHOIHIASIS
Chonju_482.jpg,Chonju,Chonju
Chteauroux_17.jpg,Chteauroux,Chteauroux
chuffest_407.jpg,chuffest,Chuffest
cicatrized_611.jpg,cicatrized,cicatrized
cilo-spinal_796.jpg,cilo-spinal,cilospinal
citizenize_77.jpg,citizenize,citzenize
cleansing_933.jpg,cleansing,cleansing
clivus_699.jpg,clivus,clivus
cloudlessness_220.jpg,cloudlessness,cloudlessness
coagulase_134.jpg,coagulase,coagulase
Cocceianism_12.jpg,Cocceianism,Cocceianism
codiscoverers_569.jpg,codiscoverers,Codiscoverers
coel-_256.jpg,coel-,Coel
coenosteum_723.jpg,coenosteum,Coenosteum
coercibleness_685.jpg,coercibleness,coercibleness
coetaneousness_848.jpg,coetaneousness,coetaneousness
coffins_37.jpg,coffins,Coffins
cognises_635.jpg,cognises,cognises
coinstantaneous_809.jpg,coinstantaneous,coinstantaneous
cold-blooded_771.jpg,cold-blooded,cold
Collinston_827.jpg,Collinston,Collinston
colposcopy_714.jpg,colposcopy,colpos.copy
columniform_6.jpg,columniform,Columaitorm
comebacks_63.jpg,comebacks,comebacks
comities_495.jpg,comities,comities
communication_594.jpg,communication,Communication
compulsives_242.jpg,compulsives,Comousives
confirmability_388.jpg,confirmability,confirmability
Confucian_978.jpg,Confucian,Confucian
conichalcite_871.jpg,conichalcite,conichalcite
consults_433.jpg,consults,consuits
conveyorization_722.jpg,conveyorization,conveyorization
cooperancy_610.jpg,cooperancy,cooperancy
coped_132.jpg,coped,Coped
copperbottom_273.jpg,copperbottom,Copperbottom
counterscarp_966.jpg,counterscarp,counterscarp
countertheme_576.jpg,countertheme,countertheme
courtbred_47.jpg,courtbred,courtbred
cowflap_527.jpg,cowflap,Cowflap
coxalgies_25.jpg,coxalgies,coxalgies
cracklings_379.jpg,cracklings,cracklings
craniospinal_36.jpg,craniospinal,Craniospinal
crazy-drunk_149.jpg,crazy-drunk,Crazydrunk
croakiest_453.jpg,croakiest,croakiest
Crotopus_241.jpg,Crotopus,crotopus
crystallographers_306.jpg,crystallographers,crystalgraphers
curativeness_374.jpg,curativeness,curativeness
customizations_712.jpg,customizations,Customization
cyclospermous_867.jpg,cyclospermous,cyclospermous
Cymbella_521.jpg,Cymbella,Cymbela
cytoglobulin_60.jpg,cytoglobulin,cytoglobulin
Czechosl_505.jpg,Czechosl,Czechos
dadder_165.jpg,dadder,dadder
Dagusmines_960.jpg,Dagusmines,Dagusmines
Dahle_460.jpg,Dahle,Dahle
dame-school_221.jpg,dame-school,dameschool
darkled_131.jpg,darkled,darkled
day-to-day_972.jpg,day-to-day,daytoday
DBO_425.jpg,DBO,DBO
De-italianize_290.jpg,De-italianize,Deitalianize
dealbuminize_985.jpg,dealbuminize,dealbuminize
decidedly_311.jpg,decidedly,decidedly
deerfly_18.jpg,deerfly,DEERFLY
degras_761.jpg,degras,DeGRas
Delma_893.jpg,Delma,Delma
deltoids_318.jpg,deltoids,deltoids
denticete_276.jpg,denticete,denticete
Derward_265.jpg,Derward,DERWARD
desiderate_799.jpg,desiderate,desiderate
despin_901.jpg,despin,despin
destine_183.jpg,destine,destine
deteriorating_395.jpg,deteriorating,deteriorating
detrench_16.jpg,detrench,detrench
detruded_899.jpg,detruded,detruded
Deutzia_653.jpg,Deutzia,Deutzia
Deville_268.jpg,Deville,Deville
dewret_477.jpg,dewret,dewre
dimethylsulfoxide_387.jpg,dimethylsulfoxide,dimethylsulfoxide
dinners_598.jpg,dinners,DINNERS
Dipnoi_524.jpg,Dipnoi,Dipnoi
disawa_160.jpg,disawa,disawa
disciplinarian_935.jpg,disciplinarian,disciplinarian
disfigures_803.jpg,disfigures,aisfigures
disorder_42.jpg,disorder,disorder
distincter_593.jpg,distincter,distincter
distinguishedly_970.jpg,distinguishedly,distinguishedly
dived_492.jpg,dived,dved
diversiform_207.jpg,diversiform,dversiform
divertimentos_22.jpg,divertimentos,divertimentos
Djajapura_566.jpg,Djajapura,Djajapura
dogcart_43.jpg,dogcart,dogcart
Dorisa_762.jpg,Dorisa,Dorisa
double-ganger_534.jpg,double-ganger,doubleganger
Doukhobortsy_502.jpg,Doukhobortsy,Doukhobortsy
dowdy_346.jpg,dowdy,dowdy
downstair_386.jpg,downstair,downstair
drawspring_195.jpg,drawspring,drawspring
dredger_187.jpg,dredger,dredger
drivellers_454.jpg,drivellers,drivellers
drugshop_842.jpg,drugshop,drugshop
drumbles_219.jpg,drumbles,drumbles
Duchamp_274.jpg,Duchamp,DUCHIAMP
dulc_89.jpg,dulc,dul
durances_92.jpg,durances,durances
Durman_189.jpg,Durman,Durman
earthily_630.jpg,earthily,earthily
ectadenia_555.jpg,ectadenia,ectadenia
Egyptianised_668.jpg,Egyptianised,EGyptianised
eight-flowered_282.jpg,eight-flowered,igh
electromagnetize_226.jpg,electromagnetize,electromagnetize
elvanitic_246.jpg,elvanitic,elvanitic
emblematised_670.jpg,emblematised,Emblematised
embryonated_627.jpg,embryonated,embryonated
emigrative_10.jpg,emigrative,EMIGRATIVE
Emim_424.jpg,Emim,EMi
empalement_897.jpg,empalement,empalement
endenizen_171.jpg,endenizen,ENDENIZEN
ensued_3.jpg,ensued,ensued
Entelodon_39.jpg,Entelodon,Entelodon
enteritis_51.jpg,enteritis,enteritis
entire-leaved_726.jpg,entire-leaved,Leaved
entracte_711.jpg,entracte,entracte
epiploce_695.jpg,epiploce,epiploce
episynaloephe_198.jpg,episynaloephe,EPISYNALOEPHE
erethisia_708.jpg,erethisia,erethisia
eristic_559.jpg,eristic,eristic
Erpetoichthys_118.jpg,Erpetoichthys,Erpetoichthys
Escallonia_209.jpg,Escallonia,Escallonia
etch_490.jpg,etch,ETCH
ethmoiditis_508.jpg,ethmoiditis,ethmoiditis
ethnogenist_556.jpg,ethnogenist,ethnogenist
Eucharistical_784.jpg,Eucharistical,Eucharistical
euhemerising_499.jpg,euhemerising,euhemerising
eumenid_56.jpg,eumenid,EUMEND
everyway_793.jpg,everyway,everyway
excitabilities_808.jpg,excitabilities,excitabilities
exclusions_451.jpg,exclusions,exclusions
executive_660.jpg,executive,executive
executrices_34.jpg,executrices,executrices
extersive_677.jpg,extersive,extersive
extraovate_239.jpg,extraovate,exiraovate
extraplacental_636.jpg,extraplacental,exrapiccenca
face-arbor_694.jpg,face-arbor,faceearbor
fandangos_780.jpg,fandangos,fandangos
Farlee_865.jpg,Farlee,Farlee
farth_111.jpg,farth,farth
fatherless_4.jpg,fatherless,fatherless
fath_915.jpg,fath,fath
fattener_785.jpg,fattener,fattener
Ferae_614.jpg,Ferae,Ferae
feudalisation_223.jpg,feudalisation,FEUDALISATION
fiance_906.jpg,fiance,fiance
fideicommissa_839.jpg,fideicommissa,fideicommissa
fingers_835.jpg,fingers,FNGERS
finically_446.jpg,finically,Finicall
finiking_908.jpg,finiking,Finiking
flankwise_625.jpg,flankwise,flankwise
flare_753.jpg,flare,flare
flatbeds_810.jpg,flatbeds,flatbeds
flatbread_929.jpg,flatbread,flatbread
flection_706.jpg,flection,flection
fluorimeter_741.jpg,fluorimeter,fluorimeter
folky_760.jpg,folky,folky
fonly_633.jpg,fonly,fonly
fore-stick_742.jpg,fore-stick,forestick
foreslow_225.jpg,foreslow,foreslow
foreweigh_943.jpg,foreweigh,FOREWEIGH
forseeable_773.jpg,forseeable,forseeable
fracedinous_752.jpg,fracedinous,fracedinous
frenzying_29.jpg,frenzying,frenzying
frescoer_372.jpg,frescoer,frescoer
Frye_376.jpg,Frye,Frye
full-depth_315.jpg,full-depth,fulldepth
furcilia_325.jpg,furcilia,furcilia
furiant_264.jpg,furiant,Furant
furicane_269.jpg,furicane,furicane
Gadus_293.jpg,Gadus,Gadus
gallimaufry_916.jpg,gallimaufry,gallimaufry
gamostele_261.jpg,gamostele,gamostele
GBIP_643.jpg,GBIP,GBIP
geniculated_980.jpg,geniculated,geniculated
Genoa_717.jpg,Genoa,Genoa
gerrymander_142.jpg,gerrymander,gerrymander
Ghiordes_182.jpg,Ghiordes,Ghiordes
giggish_401.jpg,giggish,giggish
gins_420.jpg,gins,gin
Giulini_412.jpg,Giulini,Giutini
give_300.jpg,give,gve
glaciaria_517.jpg,glaciaria,glaciaria
Gladwin_441.jpg,Gladwin,Gladwin
glimpse_642.jpg,glimpse,GLIMPSE
glossocomon_299.jpg,glossocomon,glossocomon
golden-gleaming_903.jpg,golden-gleaming,golden
goody-goodyness_136.jpg,goody-goodyness,goodygoodyness
governorships_513.jpg,governorships,governorships
Granada_829.jpg,Granada,GRANADA
grapestalk_736.jpg,grapestalk,grapestalk
grills_628.jpg,grills,Grills
grisly_262.jpg,grisly,grisly
Grose_184.jpg,Grose,Grose
Guadalquivir_515.jpg,Guadalquivir,Guadalquivir
gudewife_330.jpg,gudewife,gudewif
guffy_208.jpg,guffy,gufy
Gunneraceae_125.jpg,Gunneraceae,Gunneraceae
H-hinge_238.jpg,H-hinge,Hhinge
hadromycosis_75.jpg,hadromycosis,hadromycosis
haen_779.jpg,haen,haen
hairsplitting_26.jpg,hairsplitting,hairsplitting
Hakenkreuzler_112.jpg,Hakenkreuzler,Hakenkreuzler
half-decked_152.jpg,half-decked,HALRDECKED
half-demolished_688.jpg,half-demolished,halfdemolished
half-important_619.jpg,half-important,halfimportant
hand-chase_815.jpg,hand-chase,handchase
hang-head_175.jpg,hang-head,hanghead
harvest-field_678.jpg,harvest-field,field
hatchite_550.jpg,hatchite,hatchite
Hatton_850.jpg,Hatton,Hatton
Hawker_103.jpg,Hawker,Hlawker
hazanim_483.jpg,hazanim,hazanim
hectically_914.jpg,hectically,hectically
hemodiagnosis_991.jpg,hemodiagnosis,hemodiagnosis
hemophagocytosis_652.jpg,hemophagocytosis,hemphagocytosis
hemstitched_855.jpg,hemstitched,hemstitched
heptacosane_892.jpg,heptacosane,heptacosane
hereagain_995.jpg,hereagain,hereagain
heterostyly_74.jpg,heterostyly,heterosty
Hillingdon_352.jpg,Hillingdon,Hillingdon
hind-sight_110.jpg,hind-sight,hindsight
hip-girdle_232.jpg,hip-girdle,hipgirdle
histographer_24.jpg,histographer,histographer
histographies_738.jpg,histographies,histographies
Hobgoblin_90.jpg,Hobgoblin,Hobgoblin
hoising_76.jpg,hoising,hoising
Hominy_174.jpg,Hominy,Hominy
homoeoid_700.jpg,homoeoid,homoeoid
Homoneura_383.jpg,Homoneura,omoneura
honeywort_48.jpg,honeywort,honeywort
Honoria_19.jpg,Honoria,HOnoria
hoodman-blind_680.jpg,hoodman-blind,blind
hotcake_609.jpg,hotcake,hotcake
Housen_672.jpg,Housen,Housen
howfs_437.jpg,howfs,how
hydrogenase_493.jpg,hydrogenase,hydrogenase
hymnodist_480.jpg,hymnodist,hymnodist
hyperdialectism_942.jpg,hyperdialectism,hyperdialectism
hyperromantically_963.jpg,hyperromantically,hyperromantically
hypocrital_244.jpg,hypocrital,hypocrital
Iamus_737.jpg,Iamus,IAMUS
ibolium_294.jpg,ibolium,ibolium
ideograms_979.jpg,ideograms,ideograms
idioplasmic_536.jpg,idioplasmic,idioplasmic
iffier_946.jpg,iffier,ffier
illite_2.jpg,illite,illite
immigration_416.jpg,immigration,Immigration
impracticableness_201.jpg,impracticableness,Impracticableness
inadequacies_98.jpg,inadequacies,nadequacies
incited_545.jpg,incited,incited
incogent_394.jpg,incogent,ncogent
increaseful_8.jpg,increaseful,increaseful
incredibleness_313.jpg,incredibleness,Incredibleness
indulgency_824.jpg,indulgency,indulgency
ingenie_308.jpg,ingenie,Ingenie
innovations_354.jpg,innovations,Innovations
inopercular_920.jpg,inopercular,INOPERCULAR
inoxidable_776.jpg,inoxidable,inoxidable
internalized_215.jpg,internalized,internalized
internescine_747.jpg,internescine,internescine
invalidation_292.jpg,invalidation,nvaldaton
investigational_314.jpg,investigational,Investigational
ioniser_739.jpg,ioniser,ioniser
IRD_295.jpg,IRD,IRD
irenicism_911.jpg,irenicism,IRENICIM
Irob-saho_805.jpg,Irob-saho,OOSoNO
irradiator_950.jpg,irradiator,irradiator
irreconciliability_150.jpg,irreconciliability,irreconciliability
irresistibly_936.jpg,irresistibly,RRESISTBLY
Islandton_791.jpg,Islandton,Islandton
Ismaelitic_944.jpg,Ismaelitic,ismaeltic
isnt_600.jpg,isnt,isn
isolecithal_758.jpg,isolecithal,isolecithal
isomorphous_975.jpg,isomorphous,isomorphous
Izak_329.jpg,Izak,Izak
jambing_100.jpg,jambing,Jambing
jaunting-car_830.jpg,jaunting-car,Jauntingcar
Jehovism_557.jpg,Jehovism,Jehovism
jejunums_940.jpg,jejunums,jejunums
jinglebob_122.jpg,jinglebob,jingleboba
Juntura_253.jpg,Juntura,Justara
jusquaboutisme_662.jpg,jusquaboutisme,iusquaboutisme
kabbalahs_143.jpg,kabbalahs,Kabbalahs
kemb_487.jpg,kemb,Kemb
kilter_164.jpg,kilter,KITER
kinetophobia_147.jpg,kinetophobia,Kinetophobia
king-piece_254.jpg,king-piece,Kingpiece
knackers_61.jpg,knackers,Knackers
Knepper_671.jpg,Knepper,KNEPPERE
knightship_413.jpg,knightship,Knightship
Koy_417.jpg,Koy,KOY
kraals_665.jpg,kraals,Kraals
kremersite_669.jpg,kremersite,Kremersite
Kristianstad_400.jpg,Kristianstad,Kristianstaa
kugel_602.jpg,kugel,Kuger
kumhar_837.jpg,kumhar,KumhaR
lacquers_766.jpg,lacquers,lacquers
Lamoure_32.jpg,Lamoure,Camoure
lamp-bearing_128.jpg,lamp-bearing,lampbearing
laparohysterotomy_40.jpg,laparohysterotomy,laparohysterotomy
laths_0.jpg,laths,LAH
legitimized_724.jpg,legitimized,legitimized
lettergae_301.jpg,lettergae,lettergae
leukomas_698.jpg,leukomas,cukenos
lewth_955.jpg,lewth,lewth
lierne_186.jpg,lierne,LIERNE
lion-headed_691.jpg,lion-headed,lionheaded
lipopolysaccharide_514.jpg,lipopolysaccharide,ipopolysaccharide
Lipton_898.jpg,Lipton,Lipton
liters_464.jpg,liters,liters
litterers_846.jpg,litterers,litterers
LIU_153.jpg,LIU,LIU
llanos_123.jpg,llanos,llanos
Loganville_913.jpg,Loganville,Loganvlle
loggerhead_958.jpg,loggerhead,loggerhead
logorrhoea_58.jpg,logorrhoea,logorrhoea
Loraine_682.jpg,Loraine,Loraine
loudspeakers_987.jpg,loudspeakers,loudspeakers
lovably_212.jpg,lovably,LOVABLY
Luite_891.jpg,Luite,UIE
lyke-wake_690.jpg,lyke-wake,lykewake
MacIntyre_764.jpg,MacIntyre,Maclntyre
mahone_286.jpg,mahone,mahone
mahsur_345.jpg,mahsur,mahsur
make-falcon_852.jpg,make-falcon,make
malapertness_592.jpg,malapertness,malapertness
Malayan_844.jpg,Malayan,Malayan
mammotropin_349.jpg,mammotropin,mammotropin
Mandingoes_179.jpg,Mandingoes,Mandingoes
Martyn_853.jpg,Martyn,Martyn
Maurandia_130.jpg,Maurandia,Maurandia
Maurilla_988.jpg,Maurilla,Maurilla
mazut_905.jpg,mazut,mazut
megalospheric_624.jpg,megalospheric,megalospheric
Melie_139.jpg,Melie,Melie
Mendelssohnic_629.jpg,Mendelssohnic,Mendelssohnic
Merrielle_646.jpg,Merrielle,Merrielle
mesoscutum_851.jpg,mesoscutum,MESOSCUTUM
Messrs_3.jpg,Messrs,Messrs
metamerized_570.jpg,metamerized,metamerized
metronomically_343.jpg,metronomically,metronomically
metrostaxis_821.jpg,metrostaxis,metrostaxis
mhometer_989.jpg,mhometer,mhometer
micasize_119.jpg,micasize,micasize
microbody_880.jpg,microbody,MCRO3ODY
micropyrometer_531.jpg,micropyrometer,micropyrometer
Microscopid_872.jpg,Microscopid,Micros.copid
Millar_199.jpg,Millar,MIllar
millboard_28.jpg,millboard,millboard
minnesong_227.jpg,minnesong,minnesong
minuet_485.jpg,minuet,minuet
miosis_873.jpg,miosis,MOSIS
misallotting_366.jpg,misallotting,misallotting
misarticulating_996.jpg,misarticulating,misarticulating
misfortuned_964.jpg,misfortuned,isfortuned
misjudgment_205.jpg,misjudgment,misjudgment
misprizing_185.jpg,misprizing,Misprizing
misshipped_375.jpg,misshipped,isshipped
Mohammedanize_316.jpg,Mohammedanize,Mohammedanize
MOIG_156.jpg,MOIG,MOIG
monaxial_289.jpg,monaxial,monoxia
Monbuttu_816.jpg,Monbuttu,Monbuttu
mongoloids_622.jpg,mongoloids,mongoloids
monogynoecial_408.jpg,monogynoecial,monogynoecial
monopolitical_305.jpg,monopolitical,monopolitcal
montre_666.jpg,montre,montre
mooseberries_358.jpg,mooseberries,mooseberries
MOTIS_887.jpg,MOTIS,MOTIS
motor-camping_384.jpg,motor-camping,motor
mountingly_362.jpg,mountingly,mountingly
mown_992.jpg,mown,mown
mudirieh_686.jpg,mudirieh,mudirieh
muezzin_105.jpg,muezzin,Muezzin
multigrade_637.jpg,multigrade,multigrade
MUP_858.jpg,MUP,MUP
myelonic_798.jpg,myelonic,Myelonic
myopathies_455.jpg,myopathies,myopathies
Narine_876.jpg,Narine,Narine
Nashoba_368.jpg,Nashoba,nashoba
nataloin_640.jpg,nataloin,NATALOIN
nattier_794.jpg,nattier,nattier
ndoderm_756.jpg,ndoderm,ndoderm
Necrophorus_458.jpg,Necrophorus,Necrophorus
neguses_468.jpg,neguses,neguses
nelumbian_86.jpg,nelumbian,nelumbian
neurokeratin_516.jpg,neurokeratin,neurokeratin
no-nonsense_817.jpg,no-nonsense,nononsense
Noak_450.jpg,Noak,Noak
Noellyn_707.jpg,Noellyn,Noellyn
noetian_444.jpg,noetian,noetian
Non-moslem_606.jpg,Non-moslem,Nonmosem
nonbrowser_348.jpg,nonbrowser,nonbrowser
noncommercially_70.jpg,noncommercially,noncommercially
noncorresponding_475.jpg,noncorresponding,noncorresponding
nondrinker_69.jpg,nondrinker,nondrinker
nonpreparatory_959.jpg,nonpreparatory,nonpreparatory
nonseriousness_157.jpg,nonseriousness,onserioushess
nonsuppositional_928.jpg,nonsuppositional,nonsuppositional
nonvinosity_206.jpg,nonvinosity,nonvnosiy
nosethirl_135.jpg,nosethirl,nosethirl
noter_667.jpg,noter,noter
Oakman_168.jpg,Oakman,oakman
obbligato_875.jpg,obbligato,obbligato
obelised_597.jpg,obelised,OBELISED
obloquious_547.jpg,obloquious,Obloguious
obsequial_470.jpg,obsequial,obsequial
obtained_645.jpg,obtained,obtained
occultly_54.jpg,occultly,OCCulty
ocher-yellow_590.jpg,ocher-yellow,ocheryellow
offcut_687.jpg,offcut,offcut
Okmulgee_55.jpg,Okmulgee,okmulgee
onychomancy_744.jpg,onychomancy,onychomancy
ookinesis_615.jpg,ookinesis,ookinesis
oolongs_529.jpg,oolongs,oolongs
oosporangium_886.jpg,oosporangium,oosporangium
opedeldoc_857.jpg,opedeldoc,opedeldoc
ophthalmoleucoscope_705.jpg,ophthalmoleucoscope,ophthalmolucos.cope
opsonogen_952.jpg,opsonogen,opsonogen
Oreodontidae_181.jpg,Oreodontidae,oreodontidae
orthoganal_849.jpg,orthoganal,ortnogana
orthostatic_681.jpg,orthostatic,orthostatic
osmose_155.jpg,osmose,osmose
osteotrophic_663.jpg,osteotrophic,Osteotrophic
ostrich-feather_843.jpg,ostrich-feather,ostrich
outbreeds_228.jpg,outbreeds,outbreeds
outen_638.jpg,outen,Outen
outpleasing_115.jpg,outpleasing,outpleasing
outshown_813.jpg,outshown,outshown
outsift_907.jpg,outsift,Outsift
outswindle_356.jpg,outswindle,outswindle
ovatoorbicular_862.jpg,ovatoorbicular,OVATOORBICULAR
Overly_631.jpg,Overly,OVERLY
overrankness_745.jpg,overrankness,overrankness
oversimplifying_969.jpg,oversimplifying,Oversimplifying
overstrain_107.jpg,overstrain,Overstrain
overweakness_99.jpg,overweakness,Overweakness
pale-reddish_307.jpg,pale-reddish,Palereddish
palmospasmus_218.jpg,palmospasmus,palmospasmus
palolos_585.jpg,palolos,patlolos
palpitatingly_463.jpg,palpitatingly,Palpitatingly
pangene_116.jpg,pangene,pangene
pantywaists_236.jpg,pantywaists,pantywaists
Papandreou_797.jpg,Papandreou,Papandreou
paradisian_562.jpg,paradisian,Paradisian
parathyroidectomies_774.jpg,parathyroidectomies,Parathyrodectomies
Parcel-latin_342.jpg,Parcel-latin,Parcellatin
parotis_941.jpg,parotis,parotis
parures_161.jpg,parures,parures
pasqueflower_259.jpg,pasqueflower,pasqueflower
passionately_237.jpg,passionately,PASSIONA
patrollers_45.jpg,patrollers,patrollers
pecify_650.jpg,pecify,Pecify
Peele_859.jpg,Peele,Peele
penny-pinch_144.jpg,penny-pinch,Pennypinch
peonies_68.jpg,peonies,peonies
perambulated_113.jpg,perambulated,perambulated
percurration_213.jpg,percurration,percurration
periscii_494.jpg,periscii,Periscii
perkily_231.jpg,perkily,perkily
perukiership_523.jpg,perukiership,beOKICISO
Petalostemon_197.jpg,Petalostemon,Petalostemon
Phalange_84.jpg,Phalange,Pphalange
phonetism_270.jpg,phonetism,phonetism
phyllophagan_229.jpg,phyllophagan,phyllophagan
Pici_586.jpg,Pici,Pici
picosecond_309.jpg,picosecond,picosecond
pictographs_176.jpg,pictographs,pictographs
pilch_9.jpg,pilch,Pilch
pilis_275.jpg,pilis,pilis
pinesap_214.jpg,pinesap,Pinesap
pinheaded_392.jpg,pinheaded,pinheaded
pistachios_94.jpg,pistachios,pistachios
pitch-pipe_919.jpg,pitch-pipe,Pich
pivotal_469.jpg,pivotal,Pivotal
plantivorous_23.jpg,plantivorous,plantivorous
plateasm_533.jpg,plateasm,Plateasm
pleasurable_573.jpg,pleasurable,pleasurable
pleasure-tired_324.jpg,pleasure-tired,pleasureatired
pledgees_543.jpg,pledgees,pledgees
pleophagous_709.jpg,pleophagous,leophagous
pluralize_166.jpg,pluralize,pluralize
Poephaga_673.jpg,Poephaga,Poephaga
poetastering_251.jpg,poetastering,poetastering
polariscopy_895.jpg,polariscopy,polariscopy
Polonia_807.jpg,Polonia,Polonia
polycentral_406.jpg,polycentral,Polycentral
polyose_923.jpg,polyose,payose
pomatums_878.jpg,pomatums,pomatums
pondgrass_327.jpg,pondgrass,pondgrass
popomastic_820.jpg,popomastic,popomastic
positioned_250.jpg,positioned,positioned
Post-crusade_445.jpg,Post-crusade,Post.crusade
postenteral_467.jpg,postenteral,Posientera
postiques_257.jpg,postiques,postiques
powder-gray_222.jpg,powder-gray,powdergray
powerless_133.jpg,powerless,Powerles
pre-evaporate_1.jpg,pre-evaporate,evaporate
pre-Sumerian_481.jpg,pre-Sumerian,Sumerian
preaffiliation_59.jpg,preaffiliation,preaffliation
precepts_326.jpg,precepts,preeepts
precessional_347.jpg,precessional,PRECESSIONAL
precongestive_266.jpg,precongestive,Precongestive
precurse_140.jpg,precurse,oeorree
prediscontinue_478.jpg,prediscontinue,Prediscontinue
predriven_158.jpg,predriven,Predriven
pregnability_364.jpg,pregnability,pregnabilly
preindulgence_542.jpg,preindulgence,preindulgence
preinventories_235.jpg,preinventories,Preinventories
preinvited_968.jpg,preinvited,Preinvited
prerelation_616.jpg,prerelation,prerelation
pretelevision_866.jpg,pretelevision,pretelevision
prevogue_9.jpg,prevogue,Prevogue
prideling_486.jpg,prideling,Prideling
prioracy_814.jpg,prioracy,PRIORACY
pro-Vietnamese_370.jpg,pro-Vietnamese,Provietnamese
proemployment_427.jpg,proemployment,proemployment
prognosticating_775.jpg,prognosticating,Prognosticating
proser_731.jpg,proser,Proser
prothoracic_2.jpg,prothoracic,prothoracic
prototypographer_414.jpg,prototypographer,Prototypographer
proxically_965.jpg,proxically,Proxicatly
psalteries_415.jpg,psalteries,psalteries
pseudodevice_768.jpg,pseudodevice,aseudodevice
psst_145.jpg,psst,PSST
psychosociology_885.jpg,psychosociology,psychosoclology
purchases_828.jpg,purchases,PURCHASE
purple-faced_302.jpg,purple-faced,purplefaced
purple-headed_389.jpg,purple-headed,Purpleheadea
pyrostilpnite_369.jpg,pyrostilpnite,Pyrostilpnite
Pyrrhocoridae_719.jpg,Pyrrhocoridae,Pyrrhocoridae
qindars_894.jpg,qindars,qindars
QMG_664.jpg,QMG,OMe
quadrenniums_188.jpg,quadrenniums,quadrenniums
quadrifoliate_713.jpg,quadrifoliate,quadrifoliate
quiet-seeming_847.jpg,quiet-seeming,quiet.seeming
quilling_605.jpg,quilling,uiling
quisquilian_245.jpg,quisquilian,quisquilian
rabbits_449.jpg,rabbits,Rabbits
raptest_97.jpg,raptest,aptest
Rauschenbusch_378.jpg,Rauschenbusch,Rauschenbusch
Raviv_922.jpg,Raviv,Raviv
reaccomodated_604.jpg,reaccomodated,reaccomodated
reamass_491.jpg,reamass,reamass
rearming_141.jpg,rearming,rearming
reassent_565.jpg,reassent,reassent
recapture_889.jpg,recapture,rccapturo
reconsecrated_639.jpg,reconsecrated,RECONSECRATED
red-brick_53.jpg,red-brick,redBrick
redd-up_953.jpg,redd-up,redd
reed-back_541.jpg,reed-back,reedback
reefy_411.jpg,reefy,reey
reexpels_31.jpg,reexpels,reexpels
rehedge_435.jpg,rehedge,rehedge
reice_249.jpg,reice,reice
reimpress_421.jpg,reimpress,reimpress
Reinhard_428.jpg,Reinhard,Reinhard
reissues_704.jpg,reissues,reissues
remarks_465.jpg,remarks,remarks
renewals_474.jpg,renewals,renewals
repellingly_910.jpg,repellingly,repellingly
replates_583.jpg,replates,REPLATES
repositary_840.jpg,repositary,repositary
reprohibit_217.jpg,reprohibit,reprohibit
reservoirs_393.jpg,reservoirs,reservor
reshift_442.jpg,reshift,reshift
respects_169.jpg,respects,espects
resuggestion_30.jpg,resuggestion,resuggestion
resummon_138.jpg,resummon,resummon
retroacted_552.jpg,retroacted,retroacted
reverter_44.jpg,reverter,reverter
rhinaria_108.jpg,rhinaria,RHINARIA
ripe-bending_204.jpg,ripe-bending,bending
rope-band_720.jpg,rope-band,band
Rotary_801.jpg,Rotary,Rotary
rubbled_654.jpg,rubbled,rubbled
rubeoloid_418.jpg,rubeoloid,rubeoloid
rumbaed_696.jpg,rumbaed,rumbaed
rype_479.jpg,rype,ype
saccharate_860.jpg,saccharate,saccharate
saccharic_41.jpg,saccharic,saccharic
sacciferous_861.jpg,sacciferous,sacciferous
safe-hold_203.jpg,safe-hold,safehold
Saitis_83.jpg,Saitis,Saitis
saltpan_575.jpg,saltpan,Saltpan
saltworts_567.jpg,saltworts,saltworts
Sami_402.jpg,Sami,
Sanvitalia_0.jpg,Sanvitalia,Sanitalia
Saxondom_649.jpg,Saxondom,Saxondom
Scandinavianism_812.jpg,Scandinavianism,Sandinavianism
scaphocephalic_949.jpg,scaphocephalic,scaphocephalic
sceptropherous_544.jpg,sceptropherous,septropherous
schochat_763.jpg,schochat,schochat
scleroid_697.jpg,scleroid,scleroid
scolytoid_93.jpg,scolytoid,scolyitolo
scuffy_551.jpg,scuffy,Scuffy
seahound_578.jpg,seahound,seahound
second-foot_271.jpg,second-foot,seconde
seedpods_462.jpg,seedpods,seedpods
self-capacity_641.jpg,self-capacity,Selfcapacity
self-pitying_786.jpg,self-pitying,Self
semicanalis_319.jpg,semicanalis,SEMICANALS
semicentury_648.jpg,semicentury,semicentury
semineutral_675.jpg,semineutral,Semineutral
sennegrass_710.jpg,sennegrass,Sennegrass
sensoriglandular_404.jpg,sensoriglandular,Sensoriglandular
seraphically_332.jpg,seraphically,seraphically
sertularioid_422.jpg,sertularioid,sertularioid
sertule_506.jpg,sertule,sertule
Shel_896.jpg,Shel,She
sheriff-pink_303.jpg,sheriff-pink,Sheriff
Shickley_283.jpg,Shickley,Shickley
shifted_947.jpg,shifted,Shufted
shinleaf_170.jpg,shinleaf,shinleaf
short-winded_661.jpg,short-winded,Shortwindea
shyish_546.jpg,shyish,Shyish
sidesteps_423.jpg,sidesteps,sidesteps
siegecraft_361.jpg,siegecraft,siegecraft
sightful_845.jpg,sightful,Sightful
sightsaw_748.jpg,sightsaw,sightsaw
sigillistic_380.jpg,sigillistic,sigillistic
silver-fork_582.jpg,silver-fork,fork
silversides_518.jpg,silversides,silversides
simplifiedly_519.jpg,simplifiedly,Simplifiedly
single-ply_87.jpg,single-ply,Single
single-tongue_520.jpg,single-tongue,Single
Siqueiros_877.jpg,Siqueiros,SOUEIROS
sire_448.jpg,sire,Sre
siziest_216.jpg,siziest,siziest
siziness_252.jpg,siziness,Siziness
skeens_49.jpg,skeens,skeens
skiameter_255.jpg,skiameter,Skiameter
skirmisher_716.jpg,skirmisher,skirmisher
skun_926.jpg,skun,Skun
sleep-walker_702.jpg,sleep-walker,Sleeph
slows_35.jpg,slows,SloWS
smeddums_338.jpg,smeddums,smeddums
Smithton_651.jpg,Smithton,Smithton
snaffling_603.jpg,snaffling,snaffling
snappy_983.jpg,snappy,Snappy
snuggest_841.jpg,snuggest,snuggest
Sobor_365.jpg,Sobor,Sobor
sociocultural_954.jpg,sociocultural,Sociocultural
sod-bound_440.jpg,sod-bound,sodbound
sole-ruling_532.jpg,sole-ruling,soleruling
sole-saving_447.jpg,sole-saving,Sole
solfatara_124.jpg,solfatara,solfatara
solidifiable_994.jpg,solidifiable,solidifiable
sought_432.jpg,sought,SOUGhT
soul-enchanting_351.jpg,soul-enchanting,Soulenchanting
soundhearted_64.jpg,soundhearted,Soundhearted
sovereigns_792.jpg,sovereigns,sovereigns
Speedwriting_298.jpg,Speedwriting,Speedwriting
Spelter_80.jpg,Spelter,Spelter
spenders_320.jpg,spenders,spenders
spewier_957.jpg,spewier,spewier
sphacelating_924.jpg,sphacelating,sphacelating
spontaneous_732.jpg,spontaneous,spontaneous
sportfisherman_88.jpg,sportfisherman,Sportfisherman
spotlighting_921.jpg,spotlighting,spotighting
spumone_120.jpg,spumone,spumone
squabbler_258.jpg,squabbler,squabbler
square-fronted_337.jpg,square-fronted,squarefronted
squarroso-dentate_931.jpg,squarroso-dentate,squarrosodentate
squirarch_341.jpg,squirarch,squirarch
stagestruck_72.jpg,stagestruck,stagestruck
staithes_656.jpg,staithes,staithes
star-bestudded_296.jpg,star-bestudded,starbestudded
starlighted_574.jpg,starlighted,starlighted
statocracy_5.jpg,statocracy,Statocracy
steepest_856.jpg,steepest,Sreepest
Still_33.jpg,Still,Still
stingareeing_579.jpg,stingareeing,stingareeing
stotinka_834.jpg,stotinka,Stotinka
stourness_755.jpg,stourness,STOURNESS
straw-plaiter_240.jpg,straw-plaiter,Plaiter
subdistinguish_634.jpg,subdistinguish,ubdistinguish
subsult_795.jpg,subsult,SUBSULT
subtack_561.jpg,subtack,Subtack
succourful_632.jpg,succourful,succourful
sudaminal_982.jpg,sudaminal,sudaminal
Sukhumi_96.jpg,Sukhumi,Sukhumi
sulphisoxazole_167.jpg,sulphisoxazole,sulphisoxczole
sulphotungstic_549.jpg,sulphotungstic,sulphotungstic
summariser_382.jpg,summariser,summariser
summer-time_192.jpg,summer-time,ime
sumpage_783.jpg,sumpage,Sumpage
supercandidly_510.jpg,supercandidly,supercandidly
superelaborately_961.jpg,superelaborately,superelaborately
supersesquitertial_601.jpg,supersesquitertial,supersesquitertial
superstoical_884.jpg,superstoical,Sopersto
supertreason_272.jpg,supertreason,Supertreason
surcharging_617.jpg,surcharging,surcharging
surfie_488.jpg,surfie,Surfie
swift-footed_498.jpg,swift-footed,swiftfooted
syncategorematic_194.jpg,syncategorematic,Syncategorematic
synemmenon_457.jpg,synemmenon,synemmenon
syphilized_644.jpg,syphilized,syphilized
systatic_359.jpg,systatic,SSAIL
Tabor_496.jpg,Tabor,ABOR
tacheless_106.jpg,tacheless,tacheless
tachistoscopically_200.jpg,tachistoscopically,tachistoscopically
Tamaulipecan_580.jpg,Tamaulipecan,Tamaulipecan
tanacetin_912.jpg,tanacetin,tanacein
tankship_71.jpg,tankship,TANKSHI
Tariffville_4.jpg,Tariffville,Tariffeille
teachers_825.jpg,teachers,teacher
tear-phrased_405.jpg,tear-phrased,phrasea
techily_789.jpg,techily,techily
tempests_767.jpg,tempests,tempests
Tennysonian_291.jpg,Tennysonian,tennysonian
tense-drawn_66.jpg,tense-drawn,arawn
Terhune_659.jpg,Terhune,terhune
Terrye_751.jpg,Terrye,Terrye
tetrapodous_117.jpg,tetrapodous,tetrapodous
tetrapod_881.jpg,tetrapod,tetrapod
tez_770.jpg,tez,TeZ
Thecata_909.jpg,Thecata,Thecata
theocratically_986.jpg,theocratically,theocratically
therebetween_599.jpg,therebetween,therebetween
Therimachus_331.jpg,Therimachus,Therimachus
thigmotactically_676.jpg,thigmotactically,thigmotactically
thiochrome_102.jpg,thiochrome,thiochrome
thoracodelphus_162.jpg,thoracodelphus,thoracodelphus
thought-tight_297.jpg,thought-tight,thoughttight
three-winged_15.jpg,three-winged,three
thringing_684.jpg,thringing,thringing
thyme-leaved_109.jpg,thyme-leaved,thymeleaved
tillable_398.jpg,tillable,tillable
tintiness_350.jpg,tintiness,tintiness
tolerability_280.jpg,tolerability,tolerability
toothwash_373.jpg,toothwash,toothwash
trampoliner_21.jpg,trampoliner,traunpoliner
tranquil-ization_537.jpg,tranquil-ization,tranquiligation
trans-Panamanian_148.jpg,trans-Panamanian,Panamanian
Trans-volga_734.jpg,Trans-volga,transvolga
transmutual_620.jpg,transmutual,transmutual
trendel_788.jpg,trendel,trendel
tresses_683.jpg,tresses,TRESSES
tribune_999.jpg,tribune,tribune
trichinoscopy_399.jpg,trichinoscopy,Trichinoscopy
trichlormethane_248.jpg,trichlormethane,trichlormethane
trumpet-tongued_535.jpg,trumpet-tongued,trumpettongued
trunknose_95.jpg,trunknose,trunknose
tubig_571.jpg,tubig,UBG
tublike_419.jpg,tublike,tublike
tub_334.jpg,tub,tub
tug-of-warring_233.jpg,tug-of-warring,tugof
tweed-suited_211.jpg,tweed-suited,tweedsuitea
typesetter_918.jpg,typesetter,typesetter
ultraceremonious_459.jpg,ultraceremonious,ultraceremonious
unaborted_159.jpg,unaborted,unaborted
unavoidably_503.jpg,unavoidably,unavoidably
uncaramelised_436.jpg,uncaramelised,uncaramelised
unclean_572.jpg,unclean,unclean
unclubbable_879.jpg,unclubbable,unclubbable
uncurtain_335.jpg,uncurtain,uncurtain
undamaged_693.jpg,undamaged,undamaged
undertones_938.jpg,undertones,undertones
undetested_869.jpg,undetested,undetested
undistended_746.jpg,undistended,undistended
undreading_50.jpg,undreading,UNDREADING
unentangler_735.jpg,unentangler,unentangler
unequalise_497.jpg,unequalise,unequalise
uneversible_655.jpg,uneversible,uneversible
unexaggerative_595.jpg,unexaggerative,unexaggerative
unexecrated_397.jpg,unexecrated,unexecratea
unfenced_563.jpg,unfenced,unfenced
unfluent_278.jpg,unfluent,unfluent
unforgone_509.jpg,unforgone,unforgone
ungraphic_431.jpg,ungraphic,ungraphic
unhaunt_501.jpg,unhaunt,unhaunt
unidentate_391.jpg,unidentate,unidentate
universitas_993.jpg,universitas,universitas
unmendableness_804.jpg,unmendableness,unmendableness
unmortgaging_443.jpg,unmortgaging,UNMORTGAGING
unpainfully_438.jpg,unpainfully,unpainfully
unpalatability_336.jpg,unpalatability,arability
unparenthetic_925.jpg,unparenthetic,unoerenthetic
unpedigreed_939.jpg,unpedigreed,unpedigreea
unpreferably_838.jpg,unpreferably,unpreferably
unsaked_930.jpg,unsaked,unsaked
unscented_826.jpg,unscented,UNSCENTED
unshrinement_934.jpg,unshrinement,unshrinement
unsloughing_937.jpg,unsloughing,Unsloughing
unsorted_20.jpg,unsorted,unsorted
unspectacular_85.jpg,unspectacular,unspectacular
unspiritualized_62.jpg,unspiritualized,unspiritualized
unsteadiness_180.jpg,unsteadiness,unsteadiness
unstoical_154.jpg,unstoical,unstoical
untasked_832.jpg,untasked,untasked
untenuous_114.jpg,untenuous,untenuous
unwirable_560.jpg,unwirable,unwirable
unwrapping_540.jpg,unwrapping,UNWRADDING
upget_38.jpg,upget,UPGET
uptaker_962.jpg,uptaker,uptaker
usaunce_403.jpg,usaunce,usaunce
vaporously_73.jpg,vaporously,vaporously
vardapet_674.jpg,vardapet,Vardapet
variancy_870.jpg,variancy,VARIANCY
vection_787.jpg,vection,VECHION
venomous_623.jpg,venomous,Venomous
vermiculated_568.jpg,vermiculated,vermiculated
Veronal_757.jpg,Veronal,Veronal
Vibrio_277.jpg,Vibrio,Vibrio
videruff_357.jpg,videruff,vderufs
Villahermosa_390.jpg,Villahermosa,villahermosa
villainousness_854.jpg,villainousness,Villainousness
villenage_360.jpg,villenage,alenoge
vis_127.jpg,vis,MS
Viverridae_772.jpg,Viverridae,Viverridae
voodooing_322.jpg,voodooing,voodooing
wabert-leaf_91.jpg,wabert-leaf,COF
waybook_5.jpg,waybook,waybook
wehee_6.jpg,wehee,Wehee
Weig_818.jpg,Weig,WeiG
well-aimed_410.jpg,well-aimed,Wellaimed
well-scattered_689.jpg,well-scattered,wellescattered
well-supplemented_927.jpg,well-supplemented,well
wereass_621.jpg,wereass,wereass
wet-season_864.jpg,wet-season,Wetseason
Whipple_52.jpg,Whipple,Whipple
whipstalk_27.jpg,whipstalk,Whipstalk
whirlwindish_811.jpg,whirlwindish,whirlwindish
Whit-week_679.jpg,Whit-week,Whit
whoop-de-doo_409.jpg,whoop-de-doo,whooprdes
whoremastery_740.jpg,whoremastery,whoremastery
witnessers_339.jpg,witnessers,witnessers
woadwaxen_285.jpg,woadwaxen,Woadwaxen
wolf-gray_367.jpg,wolf-gray,wolfgray
Wolfy_904.jpg,Wolfy,Woly
woodjobber_588.jpg,woodjobber,woodjobber
woolly-mindedness_234.jpg,woolly-mindedness,woollymindeness
woolwheel_13.jpg,woolwheel,woolwheel
world-taking_321.jpg,world-taking,World
xenelasia_471.jpg,xenelasia,xenclosio
xenophilous_247.jpg,xenophilous,xenophilous
yeared_822.jpg,yeared,yeared
Yonne_539.jpg,Yonne,Yonne
Yquem_426.jpg,Yquem,yquem
Zemstrom_558.jpg,Zemstrom,Zemstrom
zodiophilous_355.jpg,zodiophilous,Zoaiophilous
zythum_727.jpg,zythum,Zythum
